Order_ID,Order_Date,Region,Segment,Category,Revenue,Cost,Units
ORD-1001,2024-12-31,West,Enterprise,Software,6500,5070,8
ORD-1002,2025-02-07,East,Consumer,Hardware,8373,5610,21
ORD-1003,2025-03-14,Central,SMB,Services,10246,5738,34
ORD-1004,2025-04-21,South,Enterprise,Software,12119,8362,47
ORD-1005,2025-05-01,West,Consumer,Hardware,13992,8115,60
ORD-1006,2025-06-08,East,SMB,Services,15865,11264,73
ORD-1007,2025-07-15,Central,Enterprise,Software,17738,10643,14
ORD-1008,2025-08-22,South,Consumer,Hardware,19611,14316,27
ORD-1009,2025-09-02,West,SMB,Services,21484,13320,40
ORD-1010,2025-10-09,East,Enterprise,Software,23357,17518,53
ORD-1011,2025-11-16,Central,Consumer,Hardware,6730,4307,66
ORD-1012,2025-12-23,South,SMB,Services,8603,6624,79
ORD-1013,2025-01-03,West,Enterprise,Software,10476,6914,20
ORD-1014,2025-02-10,East,Consumer,Hardware,12349,6792,33
ORD-1015,2025-03-17,Central,SMB,Services,14222,9671,46
ORD-1016,2025-04-24,South,Enterprise,Software,16095,9174,59
ORD-1017,2025-05-04,West,Consumer,Hardware,17968,12578,72
ORD-1018,2025-06-11,East,SMB,Services,19841,11706,13
ORD-1019,2025-07-18,Central,Enterprise,Software,21714,15634,26
ORD-1020,2025-08-25,South,Consumer,Hardware,23587,14388,39
ORD-1021,2025-09-05,West,SMB,Services,6960,5150,52
ORD-1022,2025-10-12,East,Enterprise,Software,8833,5565,65
ORD-1023,2025-11-19,Central,Consumer,Hardware,10706,8137,78
ORD-1024,2025-12-26,South,SMB,Services,12579,8176,19
ORD-1025,2025-01-06,West,Enterprise,Software,14452,11273,32
ORD-1026,2025-02-13,East,Consumer,Hardware,16325,10938,45
ORD-1027,2025-03-20,Central,SMB,Services,18198,10191,58
ORD-1028,2025-03-31,South,Enterprise,Software,20071,13849,71
ORD-1029,2025-05-07,West,Consumer,Hardware,21944,12728,12
ORD-1030,2025-06-14,East,SMB,Services,23817,16910,25
ORD-1031,2025-07-21,Central,Enterprise,Software,7190,4314,38
ORD-1032,2025-08-01,South,Consumer,Hardware,9063,6616,51
ORD-1033,2025-09-08,West,SMB,Services,10936,6780,64
ORD-1034,2025-10-15,East,Enterprise,Software,12809,9607,77
ORD-1035,2025-11-22,Central,Consumer,Hardware,14682,9396,18
ORD-1036,2025-12-02,South,SMB,Services,16555,12747,31
ORD-1037,2025-01-09,West,Enterprise,Software,18428,12162,44
ORD-1038,2025-02-16,East,Consumer,Hardware,20301,11166,57
ORD-1039,2025-03-23,Central,SMB,Services,22174,15078,70
ORD-1040,2025-04-03,South,Enterprise,Software,24047,13707,11
ORD-1041,2025-05-10,West,Consumer,Hardware,7420,5194,24
ORD-1042,2025-06-17,East,SMB,Services,9293,5483,37
ORD-1043,2025-07-24,Central,Enterprise,Software,11166,8040,50
ORD-1044,2025-08-04,South,Consumer,Hardware,13039,7954,63
ORD-1045,2025-09-11,West,SMB,Services,14912,11035,76
ORD-1046,2025-10-18,East,Enterprise,Software,16785,10575,17
ORD-1047,2025-11-25,Central,Consumer,Hardware,18658,14180,30
ORD-1048,2025-12-05,South,SMB,Services,20531,13345,43
ORD-1049,2025-01-12,West,Enterprise,Software,22404,17475,56
ORD-1050,2025-02-19,East,Consumer,Hardware,24277,16266,69
ORD-1051,2025-03-26,Central,SMB,Services,7650,4284,10
ORD-1052,2025-04-06,South,Enterprise,Software,9523,6571,23
ORD-1053,2025-05-13,West,Consumer,Hardware,11396,6610,36
ORD-1054,2025-06-20,East,SMB,Services,13269,9421,49
ORD-1055,2025-06-30,Central,Enterprise,Software,15142,9085,62
ORD-1056,2025-08-07,South,Consumer,Hardware,17015,12421,75
ORD-1057,2025-09-14,West,SMB,Services,18888,11711,16
ORD-1058,2025-10-21,East,Enterprise,Software,20761,15571,29
ORD-1059,2025-11-01,Central,Consumer,Hardware,22634,14486,42
ORD-1060,2025-12-08,South,SMB,Services,24507,18870,55
ORD-1061,2025-01-15,West,Enterprise,Software,7880,5201,68
ORD-1062,2025-02-22,East,Consumer,Hardware,9753,5364,9
ORD-1063,2025-03-02,Central,SMB,Services,11626,7906,22
ORD-1064,2025-04-09,South,Enterprise,Software,13499,7694,35
ORD-1065,2025-05-16,West,Consumer,Hardware,15372,10760,48
ORD-1066,2025-06-23,East,SMB,Services,17245,10175,61
ORD-1067,2025-07-03,Central,Enterprise,Software,19118,13765,74
ORD-1068,2025-08-10,South,Consumer,Hardware,20991,12805,15
ORD-1069,2025-09-17,West,SMB,Services,22864,16919,28
ORD-1070,2025-10-24,East,Enterprise,Software,24737,15584,41
ORD-1071,2025-11-04,Central,Consumer,Hardware,8110,6164,54
ORD-1072,2025-12-11,South,SMB,Services,9983,6489,67
ORD-1073,2025-01-18,West,Enterprise,Software,11856,9248,8
ORD-1074,2025-02-25,East,Consumer,Hardware,13729,9198,21
ORD-1075,2025-03-05,Central,SMB,Services,15602,8737,34
ORD-1076,2025-04-12,South,Enterprise,Software,17475,12058,47
ORD-1077,2025-05-19,West,Consumer,Hardware,19348,11222,60
ORD-1078,2025-06-26,East,SMB,Services,21221,15067,73
ORD-1079,2025-07-06,Central,Enterprise,Software,23094,13856,14
ORD-1080,2025-08-13,South,Consumer,Hardware,24967,18226,27
ORD-1081,2025-09-20,West,SMB,Services,8340,5171,40
ORD-1082,2025-09-30,East,Enterprise,Software,10213,7660,53
ORD-1083,2025-11-07,Central,Consumer,Hardware,12086,7735,66
ORD-1084,2025-12-14,South,SMB,Services,13959,10748,79
ORD-1085,2025-01-21,West,Enterprise,Software,15832,10449,20
ORD-1086,2025-02-01,East,Consumer,Hardware,17705,9738,33
ORD-1087,2025-03-08,Central,SMB,Services,19578,13313,46
ORD-1088,2025-04-15,South,Enterprise,Software,21451,12227,59
ORD-1089,2025-05-22,West,Consumer,Hardware,23324,16327,72
ORD-1090,2025-06-02,East,SMB,Services,6697,3951,13
ORD-1091,2025-07-09,Central,Enterprise,Software,8570,6170,26
ORD-1092,2025-08-16,South,Consumer,Hardware,10443,6370,39
ORD-1093,2025-09-23,West,SMB,Services,12316,9114,52
ORD-1094,2025-10-03,East,Enterprise,Software,14189,8939,65
ORD-1095,2025-11-10,Central,Consumer,Hardware,16062,12207,78
ORD-1096,2025-12-17,South,SMB,Services,17935,11658,19
ORD-1097,2025-01-24,West,Enterprise,Software,19808,15450,32
ORD-1098,2025-02-04,East,Consumer,Hardware,21681,14526,45
ORD-1099,2025-03-11,Central,SMB,Services,23554,13190,58
ORD-1100,2025-04-18,South,Enterprise,Software,6927,4780,71
ORD-1101,2025-05-25,West,Consumer,Hardware,8800,5104,12
ORD-1102,2025-06-05,East,SMB,Services,10673,7578,25
ORD-1103,2025-07-12,Central,Enterprise,Software,12546,7528,38
ORD-1104,2025-08-19,South,Consumer,Hardware,14419,10526,51
ORD-1105,2025-09-26,West,SMB,Services,16292,10101,64
ORD-1106,2025-10-06,East,Enterprise,Software,18165,13624,77
ORD-1107,2025-11-13,Central,Consumer,Hardware,20038,12824,18
ORD-1108,2025-12-20,South,SMB,Services,21911,16871,31
ORD-1109,2024-12-31,West,Enterprise,Software,23784,15697,44
ORD-1110,2025-02-07,East,Consumer,Hardware,7157,3936,57
ORD-1111,2025-03-14,Central,SMB,Services,9030,6140,70
ORD-1112,2025-04-21,South,Enterprise,Software,10903,6215,11
ORD-1113,2025-05-01,West,Consumer,Hardware,12776,8943,24
ORD-1114,2025-06-08,East,SMB,Services,14649,8643,37
ORD-1115,2025-07-15,Central,Enterprise,Software,16522,11896,50
ORD-1116,2025-08-22,South,Consumer,Hardware,18395,11221,63
ORD-1117,2025-09-02,West,SMB,Services,20268,14998,76
ORD-1118,2025-10-09,East,Enterprise,Software,22141,13949,17
ORD-1119,2025-11-16,Central,Consumer,Hardware,24014,18251,30
ORD-1120,2025-12-23,South,SMB,Services,7387,4802,43
ORD-1121,2025-01-03,West,Enterprise,Software,9260,7223,56
ORD-1122,2025-02-10,East,Consumer,Hardware,11133,7459,69
ORD-1123,2025-03-17,Central,SMB,Services,13006,7283,10
ORD-1124,2025-04-24,South,Enterprise,Software,14879,10267,23
ORD-1125,2025-05-04,West,Consumer,Hardware,16752,9716,36
ORD-1126,2025-06-11,East,SMB,Services,18625,13224,49
ORD-1127,2025-07-18,Central,Enterprise,Software,20498,12299,62
ORD-1128,2025-08-25,South,Consumer,Hardware,22371,16331,75
ORD-1129,2025-09-05,West,SMB,Services,24244,15031,16
ORD-1130,2025-10-12,East,Enterprise,Software,7617,5713,29
ORD-1131,2025-11-19,Central,Consumer,Hardware,9490,6074,42
ORD-1132,2025-12-26,South,SMB,Services,11363,8750,55
ORD-1133,2025-01-06,West,Enterprise,Software,13236,8736,68
ORD-1134,2025-02-13,East,Consumer,Hardware,15109,8310,9
ORD-1135,2025-03-20,Central,SMB,Services,16982,11548,22
ORD-1136,2025-03-31,South,Enterprise,Software,18855,10747,35
ORD-1137,2025-05-07,West,Consumer,Hardware,20728,14510,48
ORD-1138,2025-06-14,East,SMB,Services,22601,13335,61
ORD-1139,2025-07-21,Central,Enterprise,Software,24474,17621,74
ORD-1140,2025-08-01,South,Consumer,Hardware,7847,4787,15
ORD-1141,2025-09-08,West,SMB,Services,9720,7193,28
ORD-1142,2025-10-15,East,Enterprise,Software,11593,7304,41
ORD-1143,2025-11-22,Central,Consumer,Hardware,13466,10234,54
ORD-1144,2025-12-02,South,SMB,Services,15339,9970,67
